{"cameraMode":{"drawMode":0,"name":"Shaded","section":"Shading Mode"},"sceneLighting":true,"audioPlay":false,"sceneViewState":{"showFog":true,"showMaterialUpdate":false,"showSkybox":true,"showFlares":true,"showImageEffects":true,"showParticleSystems":true},"in2DMode":false,"pivot":{"x":-79.25007629394531,"y":-6.135564804077148,"z":7.754924774169922},"rotation":{"x":-0.0040530008263885979,"y":0.9877654314041138,"z":-0.15414999425411225,"w":-0.026082150638103486},"size":41.90361785888672,"orthographic":false}